Player,Pos,Squad,Min,90s,Fls,Fld,Int,TklW,CrdY,CrdR,PrimaryPos,FoulsPer90,BallWinningPer90
Johan Vásquez,DF,mx Mexico,360,4.0,0,2,2,1,1,0,DF,0.0,0.75
Davinson Sánchez,DF,co Colombia,480,5.3,6,5,6,2,1,0,DF,1.1320754716981132,1.509433962264151
Rafik Belghali,DF,dz Algeria,331,3.7,4,2,1,3,0,0,DF,1.081081081081081,1.081081081081081
Yazan Al-Arab,DF,jo Jordan,270,3.0,4,0,11,1,1,0,DF,1.3333333333333333,4.0
Jan Paul van Hecke,DF,nl Netherlands,390,4.3,4,2,4,3,0,0,DF,0.9302325581395349,1.627906976744186
Chancel Mbemba,DF,cd Congo DR,360,4.0,1,3,1,3,1,0,DF,0.25,1.0
Issa Diop,DF,ma Morocco,476,5.3,4,1,7,1,3,0,DF,0.7547169811320755,1.509433962264151
Hiroki Ito,DF,jp Japan,360,4.0,7,0,0,2,0,0,DF,1.75,0.5
Rustam Ashurmatov,DF,uz Uzbekistan,256,2.8,1,0,7,2,0,0,DF,0.35714285714285715,3.2142857142857144
Jarell Quansah,DF,eng England,197,2.2,2,2,0,0,1,1,DF,0.9090909090909091,0.0
Redouane Halhal,DF,ma Morocco,180,2.0,3,5,1,1,1,0,DF,1.5,1.0
Khuliso Mudau,DF,za South Africa,360,4.0,4,10,11,8,0,0,DF,1.0,4.75
Krépin Diatta,DF,sn Senegal,390,4.3,4,6,3,10,0,0,DF,0.9302325581395349,3.0232558139534884
Andy Robertson,DF,sct Scotland,225,2.5,3,1,2,1,1,0,DF,1.2,1.2
Lee Gi-hyuk,DF,kr Korea Republic,270,3.0,2,1,5,4,1,0,DF,0.6666666666666666,3.0
Akam Hashim,DF,iq Iraq,270,3.0,0,3,2,1,0,0,DF,0.0,1.0
Kim Min-jae,DF,kr Korea Republic,245,2.7,2,1,2,2,0,0,DF,0.7407407407407407,1.4814814814814814
Antonio Rüdiger,DF,de Germany,262,2.9,1,0,0,0,0,0,DF,0.3448275862068966,0.0
José Córdoba,DF,pa Panama,270,3.0,5,1,1,3,0,0,DF,1.6666666666666667,1.3333333333333333
Nahuel Molina,DF,ar Argentina,528,5.9,3,0,8,3,0,0,DF,0.5084745762711864,1.8644067796610169
Jack Hendry,DF,sct Scotland,270,3.0,1,3,0,2,0,0,DF,0.3333333333333333,0.6666666666666666
Montassar Talbi,DF,tn Tunisia,270,3.0,1,1,5,2,0,0,DF,0.3333333333333333,2.3333333333333335
Joel Ordóñez,DF,ec Ecuador,225,2.5,1,1,1,5,0,0,DF,0.4,2.4
Ramy Bensebaini,DF,dz Algeria,360,4.0,1,5,7,6,0,0,DF,0.25,3.25
Deveron Fonville,DF,cw Curaçao,241,2.7,2,3,5,3,0,0,DF,0.7407407407407407,2.962962962962963
Axel Tuanzebe,DF,cd Congo DR,360,4.0,3,3,1,2,0,0,DF,0.75,0.75
Jonas Adjetey,DF,gh Ghana,225,2.5,1,0,1,3,0,0,DF,0.4,1.6
Nicolás Tagliafico,DF,ar Argentina,476,5.3,9,16,6,4,0,0,DF,1.6981132075471699,1.8867924528301887
Juan Cáceres,DF,py Paraguay,436,4.8,9,6,5,11,1,0,DF,1.875,3.3333333333333335
Philipp Lienhart,DF,at Austria,180,2.0,0,0,1,1,0,0,DF,0.0,1.0
Harry Souttar,DF,au Australia,390,4.3,8,1,4,0,1,0,DF,1.8604651162790697,0.9302325581395349
Manuel Akanji,DF,ch Switzerland,600,6.7,4,4,6,9,0,0,DF,0.5970149253731343,2.2388059701492535
Chadi Riad,DF,ma Morocco,344,3.8,0,1,4,1,0,0,DF,0.0,1.3157894736842106
Reece James,DF,eng England,319,3.5,3,1,3,3,0,0,DF,0.8571428571428571,1.7142857142857142
William Saliba,DF,fr France,479,5.3,4,0,6,0,0,0,DF,0.7547169811320755,1.1320754716981132
Facundo Medina,DF,ar Argentina,308,3.4,3,2,2,7,1,0,DF,0.8823529411764706,2.6470588235294117
Moteb Al-Harbi,DF,sa Saudi Arabia,188,2.1,0,4,4,1,0,0,DF,0.0,2.380952380952381
Armando Obispo,DF,cw Curaçao,270,3.0,1,0,7,1,0,0,DF,0.3333333333333333,2.6666666666666665
Kevin Danso,DF,at Austria,241,2.7,1,2,0,1,0,0,DF,0.37037037037037035,0.37037037037037035
Sidny Lopes Cabral,DF,cv Cabo Verde,285,3.2,2,9,4,2,2,0,DF,0.625,1.875
Marquinhos,DF,br Brazil,450,5.0,0,2,3,2,0,0,DF,0.0,1.0
Yasser Ibrahim,DF,eg Egypt,467,5.2,6,3,3,6,2,0,DF,1.1538461538461537,1.7307692307692306
Gustaf Lagerbielke,DF,se Sweden,360,4.0,1,3,5,5,0,0,DF,0.25,2.5
Torbjørn Heggem,DF,no Norway,443,4.9,2,0,2,7,0,0,DF,0.4081632653061224,1.8367346938775508
Pathé Ciss,DF,sn Senegal,184,2.0,1,0,0,0,0,0,DF,0.5,0.0
Abdallah Nasib,DF,jo Jordan,260,2.9,1,1,7,3,0,0,DF,0.3448275862068966,3.4482758620689657
Julian Ryerson,DF,no Norway,223,2.5,6,1,0,8,0,0,DF,2.4,3.2
Gustavo Gómez,DF,py Paraguay,480,5.3,3,2,2,3,0,0,DF,0.5660377358490566,0.9433962264150944
Derek Cornelius,DF,ca Canada,315,3.5,4,3,2,3,1,0,DF,1.1428571428571428,1.4285714285714286
Júnior Alonso,DF,py Paraguay,390,4.3,3,3,4,9,1,0,DF,0.6976744186046512,3.0232558139534884
Rúben Dias,DF,pt Portugal,360,4.0,6,3,5,3,1,0,DF,1.5,2.0
Jhon Lucumí,DF,co Colombia,478,5.3,5,0,5,2,1,0,DF,0.9433962264150944,1.3207547169811322
David Møller Wolfe,DF,no Norway,430,4.8,7,2,3,3,0,0,DF,1.4583333333333335,1.25
Marcos Llorente,DF,es Spain,187,2.1,2,1,1,6,0,0,DF,0.9523809523809523,3.333333333333333
Daniel Muñoz,DF,co Colombia,394,4.4,9,1,7,3,0,0,DF,2.0454545454545454,2.2727272727272725
João Cancelo,DF,pt Portugal,312,3.5,6,2,5,4,0,0,DF,1.7142857142857142,2.5714285714285716
Amar Dedić,DF,ba Bosnia–Herz,270,3.0,6,3,1,7,1,0,DF,2.0,2.6666666666666665
Chris Richards,DF,us USA,360,4.0,8,3,4,3,1,0,DF,2.0,1.75
Ró-Ró,DF,qa Qatar,270,3.0,1,7,3,4,0,0,DF,0.3333333333333333,2.3333333333333335
Yan Valery,DF,tn Tunisia,251,2.8,4,0,4,1,0,0,DF,1.4285714285714286,1.7857142857142858
Joshua Kimmich,DF,de Germany,351,3.9,0,7,4,4,0,0,DF,0.0,2.0512820512820515
Jules Koundé,DF,fr France,599,6.7,6,5,3,8,0,0,DF,0.8955223880597015,1.6417910447761193
Abdulla Abdullaev,DF,uz Uzbekistan,180,2.0,5,1,3,2,0,0,DF,2.5,2.5
Arthur Theate,DF,be Belgium,228,2.5,1,0,3,0,0,0,DF,0.4,1.2
Merchas Doski,DF,iq Iraq,270,3.0,3,8,6,9,1,0,DF,1.0,5.0
Richie Laryea,DF,ca Canada,429,4.8,8,14,2,9,1,0,DF,1.6666666666666667,2.291666666666667
Shoja' Khalilzadeh,DF,ir IR Iran,270,3.0,4,0,3,3,1,0,DF,1.3333333333333333,2.0
Aaron Wan-Bissaka,DF,cd Congo DR,354,3.9,1,1,7,4,0,0,DF,0.25641025641025644,2.8205128205128207
Maxim De Cuyper,DF,be Belgium,442,4.9,7,2,6,2,1,0,DF,1.4285714285714284,1.6326530612244896
Mbekezeli Mbokazi,DF,za South Africa,360,4.0,3,5,4,5,0,0,DF,0.75,2.25
Nathaniel Brown,DF,de Germany,282,3.1,4,1,2,6,0,0,DF,1.2903225806451613,2.5806451612903225
Thomas Meunier,DF,be Belgium,190,2.1,9,0,2,2,0,0,DF,4.285714285714286,1.9047619047619047
Ali Nemati,DF,ir IR Iran,270,3.0,3,0,0,2,1,0,DF,1.0,0.6666666666666666
César Montes,DF,mx Mexico,314,3.5,4,3,2,1,0,1,DF,1.1428571428571428,0.8571428571428571
Omar Alderete,DF,py Paraguay,320,3.6,2,3,2,0,0,0,DF,0.5555555555555556,0.5555555555555556
Nuno Mendes,DF,pt Portugal,395,4.4,3,12,0,6,0,0,DF,0.6818181818181818,1.3636363636363635
Stjepan Radeljić,DF,ba Bosnia–Herz,180,2.0,1,3,0,1,1,0,DF,0.5,0.5
Emmanuel Agbadou,DF,ci Côte d'Ivoire,270,3.0,0,0,4,6,0,0,DF,0.0,3.3333333333333335
Timothy Castagne,DF,be Belgium,478,5.3,7,2,8,7,1,0,DF,1.3207547169811322,2.8301886792452833
Milad Mohammadi,DF,ir IR Iran,205,2.3,1,1,2,4,0,0,DF,0.4347826086956522,2.608695652173913
Ricardo Adé,DF,ht Haiti,270,3.0,6,4,5,2,0,0,DF,2.0,2.3333333333333335
Pau Cubarsí,DF,es Spain,750,8.3,4,5,4,4,1,0,DF,0.48192771084337344,0.9638554216867469
Willian Pacho,DF,ec Ecuador,360,4.0,3,2,8,2,0,0,DF,0.75,2.5
Omar Rekik,DF,tn Tunisia,180,2.0,0,1,3,2,0,0,DF,0.0,2.5
Steven Moreira,DF,cv Cabo Verde,301,3.3,0,2,2,3,0,0,DF,0.0,1.5151515151515151
Ime Okon,DF,za South Africa,360,4.0,1,0,5,2,0,0,DF,0.25,1.75
David Alaba,DF,at Austria,275,3.1,2,0,4,1,0,0,DF,0.6451612903225806,1.6129032258064515
Tarik Muharemovic,DF,ba Bosnia–Herz,259,2.9,5,2,8,1,0,1,DF,1.7241379310344829,3.103448275862069
Nicolás Otamendi,DF,ar Argentina,247,2.7,4,4,6,2,0,0,DF,1.4814814814814814,2.962962962962963
Jerome Opoku,DF,gh Ghana,270,3.0,2,4,1,2,0,0,DF,0.6666666666666666,1.0
Ali Abdi,DF,tn Tunisia,269,3.0,4,1,4,8,0,0,DF,1.3333333333333333,4.0
John Stones,DF,eng England,330,3.7,1,1,0,0,0,0,DF,0.27027027027027023,0.0
Pico,DF,cv Cabo Verde,390,4.3,0,3,7,5,0,0,DF,0.0,2.7906976744186047
Theo Hernández,DF,fr France,257,2.9,2,4,3,1,0,0,DF,0.6896551724137931,1.3793103448275863
Gabriel Magalhães,DF,br Brazil,450,5.0,1,3,4,2,0,0,DF,0.2,1.2
Mohamed Hany,DF,eg Egypt,480,5.3,2,1,6,9,0,0,DF,0.37735849056603776,2.8301886792452833
Diney,DF,cv Cabo Verde,390,4.3,2,0,4,7,1,0,DF,0.46511627906976744,2.558139534883721
Gideon Mensah,DF,gh Ghana,360,4.0,2,3,8,5,0,0,DF,0.5,3.25
Alessandro Circati,DF,au Australia,390,4.3,5,4,2,7,1,0,DF,1.1627906976744187,2.0930232558139537
Merih Demiral,DF,tr Türkiye,180,2.0,2,1,1,1,0,0,DF,1.0,1.0
Pedro Porro,DF,es Spain,563,6.3,10,9,8,11,0,0,DF,1.5873015873015874,3.015873015873016
Stefan Posch,DF,at Austria,331,3.7,7,3,10,4,2,0,DF,1.8918918918918919,3.7837837837837838
Sebastián Cáceres,DF,uy Uruguay,270,3.0,2,2,2,1,0,0,DF,0.6666666666666666,1.0
Liberato Cacace,DF,nz New Zealand,220,2.4,1,5,3,2,0,0,DF,0.4166666666666667,2.0833333333333335
Tim Payne,DF,nz New Zealand,224,2.5,2,2,1,3,0,0,DF,0.8,1.6
Nikola Katić,DF,ba Bosnia–Herz,317,3.5,4,0,5,6,1,0,DF,1.1428571428571428,3.142857142857143
Alistair Johnston,DF,ca Canada,450,5.0,5,4,6,2,1,0,DF,1.0,1.6
Abdukodir Khusanov,DF,uz Uzbekistan,270,3.0,6,0,5,3,2,0,DF,2.0,2.6666666666666665
Hannes Delcroix,DF,ht Haiti,270,3.0,1,2,4,3,0,0,DF,0.3333333333333333,2.3333333333333335
Johan Mojica,DF,co Colombia,390,4.3,1,7,3,3,1,0,DF,0.23255813953488372,1.3953488372093024
Sead Kolašinac,DF,ba Bosnia–Herz,337,3.7,6,4,2,6,0,0,DF,1.6216216216216215,2.162162162162162
Ismail Jakobs,DF,sn Senegal,219,2.4,2,0,2,2,0,0,DF,0.8333333333333334,1.6666666666666667
Guillermo Varela,DF,uy Uruguay,270,3.0,1,1,7,1,1,0,DF,0.3333333333333333,2.6666666666666665
Djed Spence,DF,eng England,404,4.5,3,5,5,10,0,0,DF,0.6666666666666666,3.3333333333333335
Guéla Doué,DF,ci Côte d'Ivoire,277,3.1,6,5,3,5,1,0,DF,1.9354838709677418,2.5806451612903225
Aymeric Laporte,DF,es Spain,727,8.1,5,4,14,3,1,0,DF,0.617283950617284,2.0987654320987654
Marin Pongračić,DF,hr Croatia,270,3.0,3,0,0,3,0,0,DF,1.0,1.0
Shogo Taniguchi,DF,jp Japan,232,2.6,2,1,1,0,1,0,DF,0.7692307692307692,0.3846153846153846
Mohamed Amine Ben Hamida,DF,tn Tunisia,202,2.2,3,1,1,9,0,0,DF,1.3636363636363635,4.545454545454545
Piero Hincapié,DF,ec Ecuador,339,3.8,5,4,4,5,1,1,DF,1.3157894736842106,2.368421052631579
Danley Jean-Jacques,MF,ht Haiti,259,2.9,5,3,3,6,1,0,MF,1.7241379310344829,3.103448275862069
Bradley Barcola,MF,fr France,384,4.3,5,1,1,4,1,0,MF,1.1627906976744187,1.1627906976744187
Anthony Gordon,MF,eng England,396,4.4,4,10,3,3,0,0,MF,0.9090909090909091,1.3636363636363635
Felix Nmecha,MF,de Germany,270,3.0,3,3,2,9,0,0,MF,1.0,3.6666666666666665
Jackson Irvine,MF,au Australia,223,2.5,3,3,1,1,1,0,MF,1.2,0.8
Jean-Ricner Bellegarde,MF,ht Haiti,260,2.9,4,5,3,2,1,0,MF,1.3793103448275863,1.7241379310344829
Leandro Paredes,MF,ar Argentina,473,5.3,9,3,5,6,2,0,MF,1.6981132075471699,2.0754716981132075
Sander Berge,MF,no Norway,480,5.3,6,2,9,4,0,0,MF,1.1320754716981132,2.452830188679245
Ryan Gravenberch,MF,nl Netherlands,345,3.8,5,3,6,1,0,0,MF,1.3157894736842106,1.842105263157895
Otabek Shukurov,MF,uz Uzbekistan,237,2.6,2,5,0,2,0,0,MF,0.7692307692307692,0.7692307692307692
Sergiño Dest,MF,us USA,297,3.3,2,4,5,1,0,0,MF,0.6060606060606061,1.8181818181818183
Kevin De Bruyne,MF,be Belgium,382,4.2,2,4,0,2,1,0,MF,0.47619047619047616,0.47619047619047616
Keito Nakamura,MF,jp Japan,307,3.4,3,1,1,3,0,0,MF,0.8823529411764706,1.1764705882352942
Mohamed Kanno,MF,sa Saudi Arabia,225,2.5,5,0,2,4,1,0,MF,2.0,2.4
Idrissa Gueye,MF,sn Senegal,361,4.0,2,2,2,4,0,0,MF,0.5,1.5
Yoel Bárcenas,MF,pa Panama,249,2.8,3,3,2,0,1,0,MF,1.0714285714285714,0.7142857142857143
João Neves,MF,pt Portugal,390,4.3,1,4,4,7,0,0,MF,0.23255813953488372,2.558139534883721
Federico Valverde,MF,uy Uruguay,236,2.6,1,0,3,2,0,0,MF,0.3846153846153846,1.923076923076923
Pape Gueye,MF,sn Senegal,234,2.6,4,2,4,1,1,0,MF,1.5384615384615383,1.923076923076923
Dani Olmo,MF,es Spain,491,5.5,6,10,1,5,0,0,MF,1.0909090909090908,1.0909090909090908
Noah Sadiki,MF,cd Congo DR,259,2.9,2,3,2,4,2,0,MF,0.6896551724137931,2.0689655172413794
Tajon Buchanan,MF,ca Canada,376,4.2,5,8,1,5,0,0,MF,1.1904761904761905,1.4285714285714286
Marwan Attia,MF,eg Egypt,434,4.8,8,1,3,3,2,0,MF,1.6666666666666667,1.25
Ali Olwan,MF,jo Jordan,268,3.0,1,4,1,0,0,0,MF,0.3333333333333333,0.3333333333333333
Sphephelo Sithole,MF,za South Africa,229,2.5,5,1,5,5,0,1,MF,2.0,4.0
Joe Bell,MF,nz New Zealand,243,2.7,3,0,4,2,0,0,MF,1.111111111111111,2.222222222222222
Marcus Rashford,MF,eng England,223,2.5,5,1,0,2,0,0,MF,2.0,0.8
Bruno Guimarães,MF,br Brazil,416,4.6,4,7,2,6,0,0,MF,0.8695652173913044,1.7391304347826089
John McGinn,MF,sct Scotland,259,2.9,2,11,0,0,0,0,MF,0.6896551724137931,0.0
Thomas Partey,MF,gh Ghana,270,3.0,2,5,6,4,0,0,MF,0.6666666666666666,3.3333333333333335
Hannibal Mejbri,MF,tn Tunisia,270,3.0,4,15,1,4,0,0,MF,1.3333333333333333,1.6666666666666667
Pedro Vite,MF,ec Ecuador,360,4.0,2,5,5,11,0,0,MF,0.5,4.0
Mikel Merino,MF,es Spain,199,2.2,6,8,3,2,0,0,MF,2.727272727272727,2.2727272727272725
Luis Romo,MF,mx Mexico,264,2.9,1,3,4,4,0,0,MF,0.3448275862068966,2.7586206896551726
Ayyoub Bouaddi,MF,ma Morocco,381,4.2,3,6,1,3,0,0,MF,0.7142857142857143,0.9523809523809523
Aiden O'Neill,MF,au Australia,360,4.0,2,8,2,2,0,0,MF,0.5,1.0
Ivan Šunjić,MF,ba Bosnia–Herz,196,2.2,7,0,0,3,0,0,MF,3.1818181818181817,1.3636363636363635
Moisés Caicedo,MF,ec Ecuador,360,4.0,5,4,4,6,1,0,MF,1.25,2.5
Juninho Bacuna,MF,cw Curaçao,254,2.8,6,3,5,4,2,0,MF,2.142857142857143,3.2142857142857144
Stephen Eustáquio,MF,ca Canada,392,4.4,2,7,3,5,0,0,MF,0.45454545454545453,1.8181818181818181
Salem Al-Dawsari,MF,sa Saudi Arabia,245,2.7,3,4,1,1,1,0,MF,1.111111111111111,0.7407407407407407
Manu Koné,MF,fr France,385,4.3,6,7,3,5,1,0,MF,1.3953488372093024,1.8604651162790697
Riyad Mahrez,MF,dz Algeria,262,2.9,1,7,1,2,0,0,MF,0.3448275862068966,1.0344827586206897
Lewis Ferguson,MF,sct Scotland,270,3.0,5,10,4,7,0,0,MF,1.6666666666666667,3.6666666666666665
Livano Comenencia,MF,cw Curaçao,233,2.6,4,1,11,1,1,0,MF,1.5384615384615383,4.615384615384615
Bukayo Saka,MF,eng England,358,4.0,4,9,1,7,0,0,MF,1.0,2.0
Alexis Mac Allister,MF,ar Argentina,750,8.3,9,12,9,12,1,0,MF,1.0843373493975903,2.5301204819277108
Marcel Sabitzer,MF,at Austria,360,4.0,2,3,6,2,1,0,MF,0.5,2.0
Ibrahim Sangaré,MF,ci Côte d'Ivoire,268,3.0,2,4,6,5,0,0,MF,0.6666666666666666,3.6666666666666665
Kerim Alajbegović,MF,ba Bosnia–Herz,277,3.1,4,6,2,0,0,0,MF,1.2903225806451613,0.6451612903225806
Teboho Mokoena,MF,za South Africa,270,3.0,3,6,5,3,2,0,MF,1.0,2.6666666666666665
Ruben Providence,MF,ht Haiti,220,2.4,3,5,0,2,0,0,MF,1.25,0.8333333333333334
Leroy Sané,MF,de Germany,326,3.6,3,2,2,3,0,0,MF,0.8333333333333333,1.3888888888888888
João Félix,MF,pt Portugal,201,2.2,3,6,3,4,0,0,MF,1.3636363636363635,3.1818181818181817
Aleksandar Pavlovic,MF,de Germany,272,3.0,13,4,2,3,1,0,MF,4.333333333333333,1.6666666666666667
Matías Galarza,MF,py Paraguay,388,4.3,10,9,7,11,2,0,MF,2.3255813953488373,4.186046511627907
Sebastian Berhalter,MF,us USA,187,2.1,5,6,3,0,1,0,MF,2.380952380952381,1.4285714285714286
Sarpreet Singh,MF,nz New Zealand,209,2.3,2,2,0,1,1,0,MF,0.8695652173913044,0.4347826086956522
Weston McKennie,MF,us USA,443,4.9,8,2,7,7,1,0,MF,1.6326530612244896,2.8571428571428568
Ngal'Ayel Mukau,MF,cd Congo DR,195,2.2,3,4,3,2,0,0,MF,1.3636363636363635,2.2727272727272725
Nikola Vlašić,MF,hr Croatia,189,2.1,5,0,1,2,0,0,MF,2.380952380952381,1.4285714285714286
Fares Chaïbi,MF,dz Algeria,360,4.0,3,2,3,5,1,0,MF,0.75,2.0
Nathan Saliba,MF,ca Canada,182,2.0,5,2,4,4,1,0,MF,2.5,4.0
Scott McTominay,MF,sct Scotland,270,3.0,3,0,0,2,0,0,MF,1.0,0.6666666666666666
Rodrigo Bentancur,MF,uy Uruguay,270,3.0,7,5,7,5,1,0,MF,2.3333333333333335,4.0
Florian Wirtz,MF,de Germany,361,4.0,1,3,2,6,0,0,MF,0.25,2.0
Kaishū Sano,MF,jp Japan,270,3.0,4,1,4,2,1,0,MF,1.3333333333333333,2.0
Akmal Mozgovoy,MF,uz Uzbekistan,216,2.4,0,3,2,0,0,0,MF,0.0,0.8333333333333334
Neil El Aynaoui,MF,ma Morocco,562,6.2,15,7,8,9,0,0,MF,2.4193548387096775,2.7419354838709675
Nilson Angulo,MF,ec Ecuador,218,2.4,4,3,2,1,0,0,MF,1.6666666666666667,1.25
Alexander Bernhardsson,MF,se Sweden,217,2.4,2,4,2,2,0,0,MF,0.8333333333333334,1.6666666666666667
Ao Tanaka,MF,jp Japan,193,2.1,6,2,1,6,0,0,MF,2.857142857142857,3.333333333333333
Amir Al Ammari,MF,iq Iraq,247,2.7,3,0,2,1,2,0,MF,1.111111111111111,1.111111111111111
Hakan Çalhanoğlu,MF,tr Türkiye,180,2.0,2,1,1,3,0,0,MF,1.0,2.0
Zidane Iqbal,MF,iq Iraq,188,2.1,1,2,1,2,0,0,MF,0.47619047619047616,1.4285714285714286
Kevin Pina,MF,cv Cabo Verde,349,3.9,5,3,3,7,1,0,MF,1.2820512820512822,2.5641025641025643
Paul Wanner,MF,at Austria,234,2.6,4,2,2,1,0,0,MF,1.5384615384615383,1.1538461538461537
Yasin Ayari,MF,se Sweden,339,3.8,4,8,3,4,1,0,MF,1.0526315789473684,1.842105263157895
Pedro Neto,MF,pt Portugal,350,3.9,4,4,0,2,0,0,MF,1.0256410256410258,0.5128205128205129
Gustavo Puerta,MF,co Colombia,469,5.2,9,8,3,3,1,0,MF,1.7307692307692306,1.1538461538461537
Tyler Adams,MF,us USA,341,3.8,5,6,8,5,1,0,MF,1.3157894736842106,3.4210526315789473
Tijjani Reijnders,MF,nl Netherlands,199,2.2,0,3,2,0,0,0,MF,0.0,0.9090909090909091
Arda Güler,MF,tr Türkiye,270,3.0,3,10,2,3,0,0,MF,1.0,1.6666666666666667
Nicolás González,MF,ar Argentina,259,2.9,4,3,1,3,0,0,MF,1.3793103448275863,1.3793103448275863
Ousmane Dembélé,MF,fr France,592,6.6,0,4,0,2,0,0,MF,0.0,0.30303030303030304
Connor Metcalfe,MF,au Australia,315,3.5,1,0,2,5,0,0,MF,0.2857142857142857,2.0
Damián Bobadilla,MF,py Paraguay,189,2.1,1,1,5,3,0,0,MF,0.47619047619047616,3.8095238095238093
Nasser Al-Dawsari,MF,sa Saudi Arabia,207,2.3,7,2,4,4,1,0,MF,3.0434782608695654,3.4782608695652177
Rodri,MF,es Spain,724,8.0,11,9,3,20,0,0,MF,1.375,2.875
Morgan Rogers,MF,eng England,339,3.8,5,5,0,3,0,0,MF,1.3157894736842106,0.7894736842105263
Lucas Bergvall,MF,se Sweden,181,2.0,7,4,2,2,1,0,MF,3.5,2.0
Patrick Berg,MF,no Norway,445,4.9,4,2,2,7,1,0,MF,0.8163265306122448,1.8367346938775508
Nicolas Raskin,MF,be Belgium,341,3.8,12,3,2,5,0,0,MF,3.1578947368421053,1.842105263157895
Daichi Kamada,MF,jp Japan,329,3.7,2,4,1,3,1,0,MF,0.5405405405405405,1.081081081081081
Frenkie de Jong,MF,nl Netherlands,328,3.6,6,6,8,7,0,0,MF,1.6666666666666665,4.166666666666667
Abdullah Al-Khaibari,MF,sa Saudi Arabia,180,2.0,0,2,1,1,0,0,MF,0.0,1.0
Andrés Cubas,MF,py Paraguay,480,5.3,14,3,11,13,1,0,MF,2.6415094339622645,4.528301886792453
Kenan Yıldız,MF,tr Türkiye,218,2.4,2,4,1,2,0,0,MF,0.8333333333333334,1.25
Mateo Kovačić,MF,hr Croatia,270,3.0,3,3,2,3,0,0,MF,1.0,1.6666666666666667
Pedri,MF,es Spain,499,5.5,4,5,10,8,1,0,MF,0.7272727272727273,3.272727272727273
John Yeboah,MF,ec Ecuador,311,3.5,0,4,3,3,0,0,MF,0.0,1.7142857142857142
Nicolas Seiwald,MF,at Austria,315,3.5,1,1,4,5,0,0,MF,0.2857142857142857,2.5714285714285716
Ritsu Doan,MF,jp Japan,278,3.1,6,4,1,1,0,0,MF,1.9354838709677418,0.6451612903225806
Thalente Mbatha,MF,za South Africa,260,2.9,4,0,5,2,1,0,MF,1.3793103448275863,2.413793103448276
Declan Rice,MF,eng England,557,6.2,4,0,5,3,2,0,MF,0.6451612903225806,1.2903225806451613
Ruben Vargas,MF,ch Switzerland,284,3.2,6,6,2,2,0,0,MF,1.875,1.25
Ben Gannon-Doak,MF,sct Scotland,186,2.1,3,1,0,1,0,0,MF,1.4285714285714286,0.47619047619047616
Hwang In-beom,MF,kr Korea Republic,263,2.9,1,1,4,2,0,0,MF,0.3448275862068966,2.0689655172413794
Lamine Camara,MF,sn Senegal,248,2.8,5,3,2,1,1,0,MF,1.7857142857142858,1.0714285714285714
Rodrigo De Paul,MF,ar Argentina,491,5.5,2,5,6,4,1,0,MF,0.36363636363636365,1.8181818181818181
Michal Sadílek,MF,cz Czechia,183,2.0,0,3,2,2,0,0,MF,0.0,2.0
Fabián Ruiz Peña,MF,es Spain,321,3.6,1,3,4,3,0,0,MF,0.2777777777777778,1.9444444444444444
Saman Ghoddos,MF,ir IR Iran,208,2.3,3,0,5,4,0,0,MF,1.3043478260869565,3.91304347826087
Seol Young-woo,MF,kr Korea Republic,250,2.8,1,2,1,0,0,0,MF,0.35714285714285715,0.35714285714285715
Michael Olise,MF,fr France,646,7.2,5,16,3,8,1,0,MF,0.6944444444444444,1.5277777777777777
Azzedine Ounahi,MF,ma Morocco,435,4.8,3,7,1,1,1,0,MF,0.625,0.4166666666666667
Jamiro Monteiro,MF,cv Cabo Verde,281,3.1,4,2,4,4,0,0,MF,1.2903225806451613,2.5806451612903225
Eberechi Eze,MF,eng England,211,2.3,2,4,0,0,0,0,MF,0.8695652173913044,0.0
Elliot Anderson,MF,eng England,632,7.0,9,13,8,18,1,0,MF,1.2857142857142858,3.7142857142857144
Aurélien Tchouaméni,MF,fr France,360,4.0,4,3,6,14,1,0,MF,1.0,5.0
